n,spa,fci,fid,var
2,-1.10115033,-1.10115033,1.0000,0.0000
4,-2.15076546,-2.16638745,0.9802,0.0164
6,-3.20598233,-3.23606628,0.9577,0.0321
8,-4.26201114,-4.30757160,0.9319,0.0490
10,-5.31858527,-5.37995475,0.9045,0.0661
12,-6.37537139,-6.45281586,0.8758,
14,-7.43226388,-7.52596147,0.8464,
16,-8.48920847,,,
18,-9.54617948,,,
20,-10.60316549,,,
22,-11.66015943,,,
24,-12.71715656,,,
26,-13.77415603,,,
28,-14.83115643,,,
30,-15.88815749,,,
